Timestamp Last Modified	Media	Filename	Source File
2025-01-07 09:38:58	._journal	._journal	\\?\C:\Matin\matin-ctf\running\writeup\forensic\ALEAPP_Reports_2025-01-12_Sunday_211221\temp\__MACOSX\junior_for2\data\data\com.andromo.dev583642.app725633\cache\image_manager_disk_cache\._journal
2025-01-07 09:38:58	"<a href="".\Image Manager Cache\image_manager_disk_cache\ea5c157cd0885cb8ea30deba418cb964c1416db0fe3be98850fcdaafcfae0f39.0"" target=""_blank""><img src="".\Image Manager Cache\image_manager_disk_cache\ea5c157cd0885cb8ea30deba418cb964c1416db0fe3be98850fcdaafcfae0f39.0""width=""300""></img></a>"	ea5c157cd0885cb8ea30deba418cb964c1416db0fe3be98850fcdaafcfae0f39.0	\\?\C:\Matin\matin-ctf\running\writeup\forensic\ALEAPP_Reports_2025-01-12_Sunday_211221\temp\junior_for2\data\data\com.andromo.dev583642.app725633\cache\image_manager_disk_cache\ea5c157cd0885cb8ea30deba418cb964c1416db0fe3be98850fcdaafcfae0f39.0
2025-01-07 09:38:58	._ea5c157cd0885cb8ea30deba418cb964c1416db0fe3be98850fcdaafcfae0f39.0	._ea5c157cd0885cb8ea30deba418cb964c1416db0fe3be98850fcdaafcfae0f39.0	\\?\C:\Matin\matin-ctf\running\writeup\forensic\ALEAPP_Reports_2025-01-12_Sunday_211221\temp\__MACOSX\junior_for2\data\data\com.andromo.dev583642.app725633\cache\image_manager_disk_cache\._ea5c157cd0885cb8ea30deba418cb964c1416db0fe3be98850fcdaafcfae0f39.0
2025-01-07 09:38:58	"<a href="".\Image Manager Cache\image_manager_disk_cache\9b96d586c49682ffb11532b36ed3b3c298f4cd2b0f80962a77af8db810db96ab.0"" target=""_blank""><img src="".\Image Manager Cache\image_manager_disk_cache\9b96d586c49682ffb11532b36ed3b3c298f4cd2b0f80962a77af8db810db96ab.0""width=""300""></img></a>"	9b96d586c49682ffb11532b36ed3b3c298f4cd2b0f80962a77af8db810db96ab.0	\\?\C:\Matin\matin-ctf\running\writeup\forensic\ALEAPP_Reports_2025-01-12_Sunday_211221\temp\junior_for2\data\data\com.andromo.dev583642.app725633\cache\image_manager_disk_cache\9b96d586c49682ffb11532b36ed3b3c298f4cd2b0f80962a77af8db810db96ab.0
2025-01-07 09:38:58	._9b96d586c49682ffb11532b36ed3b3c298f4cd2b0f80962a77af8db810db96ab.0	._9b96d586c49682ffb11532b36ed3b3c298f4cd2b0f80962a77af8db810db96ab.0	\\?\C:\Matin\matin-ctf\running\writeup\forensic\ALEAPP_Reports_2025-01-12_Sunday_211221\temp\__MACOSX\junior_for2\data\data\com.andromo.dev583642.app725633\cache\image_manager_disk_cache\._9b96d586c49682ffb11532b36ed3b3c298f4cd2b0f80962a77af8db810db96ab.0
2025-01-07 09:38:58	"<a href="".\Image Manager Cache\image_manager_disk_cache\ee55e2e3b4ccc5ca6fd99d1ca560b78de8cacf8d238e523ea287c55bd66e37d9.0"" target=""_blank""><img src="".\Image Manager Cache\image_manager_disk_cache\ee55e2e3b4ccc5ca6fd99d1ca560b78de8cacf8d238e523ea287c55bd66e37d9.0""width=""300""></img></a>"	ee55e2e3b4ccc5ca6fd99d1ca560b78de8cacf8d238e523ea287c55bd66e37d9.0	\\?\C:\Matin\matin-ctf\running\writeup\forensic\ALEAPP_Reports_2025-01-12_Sunday_211221\temp\junior_for2\data\data\com.andromo.dev583642.app725633\cache\image_manager_disk_cache\ee55e2e3b4ccc5ca6fd99d1ca560b78de8cacf8d238e523ea287c55bd66e37d9.0
2025-01-07 09:38:58	._ee55e2e3b4ccc5ca6fd99d1ca560b78de8cacf8d238e523ea287c55bd66e37d9.0	._ee55e2e3b4ccc5ca6fd99d1ca560b78de8cacf8d238e523ea287c55bd66e37d9.0	\\?\C:\Matin\matin-ctf\running\writeup\forensic\ALEAPP_Reports_2025-01-12_Sunday_211221\temp\__MACOSX\junior_for2\data\data\com.andromo.dev583642.app725633\cache\image_manager_disk_cache\._ee55e2e3b4ccc5ca6fd99d1ca560b78de8cacf8d238e523ea287c55bd66e37d9.0
2025-01-07 09:38:58	"<a href="".\Image Manager Cache\image_manager_disk_cache\10cc2b392621a6131083e2306436779b560fa3136633a157ac692db679638f29.0"" target=""_blank""><img src="".\Image Manager Cache\image_manager_disk_cache\10cc2b392621a6131083e2306436779b560fa3136633a157ac692db679638f29.0""width=""300""></img></a>"	10cc2b392621a6131083e2306436779b560fa3136633a157ac692db679638f29.0	\\?\C:\Matin\matin-ctf\running\writeup\forensic\ALEAPP_Reports_2025-01-12_Sunday_211221\temp\junior_for2\data\data\com.andromo.dev583642.app725633\cache\image_manager_disk_cache\10cc2b392621a6131083e2306436779b560fa3136633a157ac692db679638f29.0
2025-01-07 09:38:58	._10cc2b392621a6131083e2306436779b560fa3136633a157ac692db679638f29.0	._10cc2b392621a6131083e2306436779b560fa3136633a157ac692db679638f29.0	\\?\C:\Matin\matin-ctf\running\writeup\forensic\ALEAPP_Reports_2025-01-12_Sunday_211221\temp\__MACOSX\junior_for2\data\data\com.andromo.dev583642.app725633\cache\image_manager_disk_cache\._10cc2b392621a6131083e2306436779b560fa3136633a157ac692db679638f29.0
2025-01-07 09:38:58	"<a href="".\Image Manager Cache\image_manager_disk_cache\2e8cfb17f776d375c08a6e78af791e7cf256bc964ba84ff45cf84b3165da8c78.0"" target=""_blank""><img src="".\Image Manager Cache\image_manager_disk_cache\2e8cfb17f776d375c08a6e78af791e7cf256bc964ba84ff45cf84b3165da8c78.0""width=""300""></img></a>"	2e8cfb17f776d375c08a6e78af791e7cf256bc964ba84ff45cf84b3165da8c78.0	\\?\C:\Matin\matin-ctf\running\writeup\forensic\ALEAPP_Reports_2025-01-12_Sunday_211221\temp\junior_for2\data\data\com.andromo.dev583642.app725633\cache\image_manager_disk_cache\2e8cfb17f776d375c08a6e78af791e7cf256bc964ba84ff45cf84b3165da8c78.0
2025-01-07 09:38:58	._2e8cfb17f776d375c08a6e78af791e7cf256bc964ba84ff45cf84b3165da8c78.0	._2e8cfb17f776d375c08a6e78af791e7cf256bc964ba84ff45cf84b3165da8c78.0	\\?\C:\Matin\matin-ctf\running\writeup\forensic\ALEAPP_Reports_2025-01-12_Sunday_211221\temp\__MACOSX\junior_for2\data\data\com.andromo.dev583642.app725633\cache\image_manager_disk_cache\._2e8cfb17f776d375c08a6e78af791e7cf256bc964ba84ff45cf84b3165da8c78.0
2025-01-07 09:38:58	"<a href="".\Image Manager Cache\image_manager_disk_cache\a6ea9b747f0b23a2dd5ea8d2162e8ce030445e3686e73f34307e275cbdd27193.0"" target=""_blank""><img src="".\Image Manager Cache\image_manager_disk_cache\a6ea9b747f0b23a2dd5ea8d2162e8ce030445e3686e73f34307e275cbdd27193.0""width=""300""></img></a>"	a6ea9b747f0b23a2dd5ea8d2162e8ce030445e3686e73f34307e275cbdd27193.0	\\?\C:\Matin\matin-ctf\running\writeup\forensic\ALEAPP_Reports_2025-01-12_Sunday_211221\temp\junior_for2\data\data\com.andromo.dev583642.app725633\cache\image_manager_disk_cache\a6ea9b747f0b23a2dd5ea8d2162e8ce030445e3686e73f34307e275cbdd27193.0
2025-01-07 09:38:58	._a6ea9b747f0b23a2dd5ea8d2162e8ce030445e3686e73f34307e275cbdd27193.0	._a6ea9b747f0b23a2dd5ea8d2162e8ce030445e3686e73f34307e275cbdd27193.0	\\?\C:\Matin\matin-ctf\running\writeup\forensic\ALEAPP_Reports_2025-01-12_Sunday_211221\temp\__MACOSX\junior_for2\data\data\com.andromo.dev583642.app725633\cache\image_manager_disk_cache\._a6ea9b747f0b23a2dd5ea8d2162e8ce030445e3686e73f34307e275cbdd27193.0
2025-01-07 09:38:58	"<a href="".\Image Manager Cache\image_manager_disk_cache\e2bb25f48a17e14959e470bf5a2eeae261fccba159ce6dfef53f7ea74ec649ba.0"" target=""_blank""><img src="".\Image Manager Cache\image_manager_disk_cache\e2bb25f48a17e14959e470bf5a2eeae261fccba159ce6dfef53f7ea74ec649ba.0""width=""300""></img></a>"	e2bb25f48a17e14959e470bf5a2eeae261fccba159ce6dfef53f7ea74ec649ba.0	\\?\C:\Matin\matin-ctf\running\writeup\forensic\ALEAPP_Reports_2025-01-12_Sunday_211221\temp\junior_for2\data\data\com.andromo.dev583642.app725633\cache\image_manager_disk_cache\e2bb25f48a17e14959e470bf5a2eeae261fccba159ce6dfef53f7ea74ec649ba.0
2025-01-07 09:38:58	._e2bb25f48a17e14959e470bf5a2eeae261fccba159ce6dfef53f7ea74ec649ba.0	._e2bb25f48a17e14959e470bf5a2eeae261fccba159ce6dfef53f7ea74ec649ba.0	\\?\C:\Matin\matin-ctf\running\writeup\forensic\ALEAPP_Reports_2025-01-12_Sunday_211221\temp\__MACOSX\junior_for2\data\data\com.andromo.dev583642.app725633\cache\image_manager_disk_cache\._e2bb25f48a17e14959e470bf5a2eeae261fccba159ce6dfef53f7ea74ec649ba.0
2025-01-07 09:38:58	"<a href="".\Image Manager Cache\image_manager_disk_cache\01940a00d21f261e74b8f70d9e893562e1d2b31f5a4632e83794b4dfae008cca.0"" target=""_blank""><img src="".\Image Manager Cache\image_manager_disk_cache\01940a00d21f261e74b8f70d9e893562e1d2b31f5a4632e83794b4dfae008cca.0""width=""300""></img></a>"	01940a00d21f261e74b8f70d9e893562e1d2b31f5a4632e83794b4dfae008cca.0	\\?\C:\Matin\matin-ctf\running\writeup\forensic\ALEAPP_Reports_2025-01-12_Sunday_211221\temp\junior_for2\data\data\com.andromo.dev583642.app725633\cache\image_manager_disk_cache\01940a00d21f261e74b8f70d9e893562e1d2b31f5a4632e83794b4dfae008cca.0
2025-01-07 09:38:58	._01940a00d21f261e74b8f70d9e893562e1d2b31f5a4632e83794b4dfae008cca.0	._01940a00d21f261e74b8f70d9e893562e1d2b31f5a4632e83794b4dfae008cca.0	\\?\C:\Matin\matin-ctf\running\writeup\forensic\ALEAPP_Reports_2025-01-12_Sunday_211221\temp\__MACOSX\junior_for2\data\data\com.andromo.dev583642.app725633\cache\image_manager_disk_cache\._01940a00d21f261e74b8f70d9e893562e1d2b31f5a4632e83794b4dfae008cca.0
2025-01-07 09:38:58	"<a href="".\Image Manager Cache\image_manager_disk_cache\e0065e18f013d4ecca29914da48009237184a2d0aff94bf41afbdce51ca5ed39.0"" target=""_blank""><img src="".\Image Manager Cache\image_manager_disk_cache\e0065e18f013d4ecca29914da48009237184a2d0aff94bf41afbdce51ca5ed39.0""width=""300""></img></a>"	e0065e18f013d4ecca29914da48009237184a2d0aff94bf41afbdce51ca5ed39.0	\\?\C:\Matin\matin-ctf\running\writeup\forensic\ALEAPP_Reports_2025-01-12_Sunday_211221\temp\junior_for2\data\data\com.andromo.dev583642.app725633\cache\image_manager_disk_cache\e0065e18f013d4ecca29914da48009237184a2d0aff94bf41afbdce51ca5ed39.0
2025-01-07 09:38:58	._e0065e18f013d4ecca29914da48009237184a2d0aff94bf41afbdce51ca5ed39.0	._e0065e18f013d4ecca29914da48009237184a2d0aff94bf41afbdce51ca5ed39.0	\\?\C:\Matin\matin-ctf\running\writeup\forensic\ALEAPP_Reports_2025-01-12_Sunday_211221\temp\__MACOSX\junior_for2\data\data\com.andromo.dev583642.app725633\cache\image_manager_disk_cache\._e0065e18f013d4ecca29914da48009237184a2d0aff94bf41afbdce51ca5ed39.0
2025-01-07 09:38:58	"<a href="".\Image Manager Cache\image_manager_disk_cache\49096aae566fbaf59214c1a201c86ab47d8c93e8e7b859935500f27a51cb2164.0"" target=""_blank""><img src="".\Image Manager Cache\image_manager_disk_cache\49096aae566fbaf59214c1a201c86ab47d8c93e8e7b859935500f27a51cb2164.0""width=""300""></img></a>"	49096aae566fbaf59214c1a201c86ab47d8c93e8e7b859935500f27a51cb2164.0	\\?\C:\Matin\matin-ctf\running\writeup\forensic\ALEAPP_Reports_2025-01-12_Sunday_211221\temp\junior_for2\data\data\com.andromo.dev583642.app725633\cache\image_manager_disk_cache\49096aae566fbaf59214c1a201c86ab47d8c93e8e7b859935500f27a51cb2164.0
2025-01-07 09:38:58	._49096aae566fbaf59214c1a201c86ab47d8c93e8e7b859935500f27a51cb2164.0	._49096aae566fbaf59214c1a201c86ab47d8c93e8e7b859935500f27a51cb2164.0	\\?\C:\Matin\matin-ctf\running\writeup\forensic\ALEAPP_Reports_2025-01-12_Sunday_211221\temp\__MACOSX\junior_for2\data\data\com.andromo.dev583642.app725633\cache\image_manager_disk_cache\._49096aae566fbaf59214c1a201c86ab47d8c93e8e7b859935500f27a51cb2164.0
2025-01-07 09:38:58	"<a href="".\Image Manager Cache\image_manager_disk_cache\7ae33479a5f541922e3e6615d4b91fc28302530c1e81eaa6aa15b0118a5776cd.0"" target=""_blank""><img src="".\Image Manager Cache\image_manager_disk_cache\7ae33479a5f541922e3e6615d4b91fc28302530c1e81eaa6aa15b0118a5776cd.0""width=""300""></img></a>"	7ae33479a5f541922e3e6615d4b91fc28302530c1e81eaa6aa15b0118a5776cd.0	\\?\C:\Matin\matin-ctf\running\writeup\forensic\ALEAPP_Reports_2025-01-12_Sunday_211221\temp\junior_for2\data\data\com.andromo.dev583642.app725633\cache\image_manager_disk_cache\7ae33479a5f541922e3e6615d4b91fc28302530c1e81eaa6aa15b0118a5776cd.0
2025-01-07 09:38:58	._7ae33479a5f541922e3e6615d4b91fc28302530c1e81eaa6aa15b0118a5776cd.0	._7ae33479a5f541922e3e6615d4b91fc28302530c1e81eaa6aa15b0118a5776cd.0	\\?\C:\Matin\matin-ctf\running\writeup\forensic\ALEAPP_Reports_2025-01-12_Sunday_211221\temp\__MACOSX\junior_for2\data\data\com.andromo.dev583642.app725633\cache\image_manager_disk_cache\._7ae33479a5f541922e3e6615d4b91fc28302530c1e81eaa6aa15b0118a5776cd.0
2025-01-07 09:39:20	._journal	._journal	\\?\C:\Matin\matin-ctf\running\writeup\forensic\ALEAPP_Reports_2025-01-12_Sunday_211221\temp\__MACOSX\junior_for2\data\user\0\com.google.android.apps.messaging\cache\image_manager_disk_cache\._journal
2025-01-07 09:39:20	"<a href="".\Image Manager Cache\image_manager_disk_cache\5de5aa15852ff5c6201ac70186ca6395c1c81f82d2fa59e0c2f295f6bbe3ffd9.0"" target=""_blank""><img src="".\Image Manager Cache\image_manager_disk_cache\5de5aa15852ff5c6201ac70186ca6395c1c81f82d2fa59e0c2f295f6bbe3ffd9.0""width=""300""></img></a>"	5de5aa15852ff5c6201ac70186ca6395c1c81f82d2fa59e0c2f295f6bbe3ffd9.0	\\?\C:\Matin\matin-ctf\running\writeup\forensic\ALEAPP_Reports_2025-01-12_Sunday_211221\temp\junior_for2\data\user\0\com.google.android.apps.messaging\cache\image_manager_disk_cache\5de5aa15852ff5c6201ac70186ca6395c1c81f82d2fa59e0c2f295f6bbe3ffd9.0
2025-01-07 09:39:20	._5de5aa15852ff5c6201ac70186ca6395c1c81f82d2fa59e0c2f295f6bbe3ffd9.0	._5de5aa15852ff5c6201ac70186ca6395c1c81f82d2fa59e0c2f295f6bbe3ffd9.0	\\?\C:\Matin\matin-ctf\running\writeup\forensic\ALEAPP_Reports_2025-01-12_Sunday_211221\temp\__MACOSX\junior_for2\data\user\0\com.google.android.apps.messaging\cache\image_manager_disk_cache\._5de5aa15852ff5c6201ac70186ca6395c1c81f82d2fa59e0c2f295f6bbe3ffd9.0
2025-01-07 09:39:20	"<a href="".\Image Manager Cache\image_manager_disk_cache\4c58a910b71fa62e259abddbceae181145e9cb17da607338e4fc748ca458d391.0"" target=""_blank""><img src="".\Image Manager Cache\image_manager_disk_cache\4c58a910b71fa62e259abddbceae181145e9cb17da607338e4fc748ca458d391.0""width=""300""></img></a>"	4c58a910b71fa62e259abddbceae181145e9cb17da607338e4fc748ca458d391.0	\\?\C:\Matin\matin-ctf\running\writeup\forensic\ALEAPP_Reports_2025-01-12_Sunday_211221\temp\junior_for2\data\user\0\com.google.android.apps.messaging\cache\image_manager_disk_cache\4c58a910b71fa62e259abddbceae181145e9cb17da607338e4fc748ca458d391.0
2025-01-07 09:39:20	._4c58a910b71fa62e259abddbceae181145e9cb17da607338e4fc748ca458d391.0	._4c58a910b71fa62e259abddbceae181145e9cb17da607338e4fc748ca458d391.0	\\?\C:\Matin\matin-ctf\running\writeup\forensic\ALEAPP_Reports_2025-01-12_Sunday_211221\temp\__MACOSX\junior_for2\data\user\0\com.google.android.apps.messaging\cache\image_manager_disk_cache\._4c58a910b71fa62e259abddbceae181145e9cb17da607338e4fc748ca458d391.0
2025-01-07 09:39:20	"<a href="".\Image Manager Cache\image_manager_disk_cache\15a7f3c65025f34c0103e233f7440f50203a3a97aa85df8eca99257541a2f5d6.0"" target=""_blank""><img src="".\Image Manager Cache\image_manager_disk_cache\15a7f3c65025f34c0103e233f7440f50203a3a97aa85df8eca99257541a2f5d6.0""width=""300""></img></a>"	15a7f3c65025f34c0103e233f7440f50203a3a97aa85df8eca99257541a2f5d6.0	\\?\C:\Matin\matin-ctf\running\writeup\forensic\ALEAPP_Reports_2025-01-12_Sunday_211221\temp\junior_for2\data\user\0\com.google.android.apps.messaging\cache\image_manager_disk_cache\15a7f3c65025f34c0103e233f7440f50203a3a97aa85df8eca99257541a2f5d6.0
2025-01-07 09:39:20	._15a7f3c65025f34c0103e233f7440f50203a3a97aa85df8eca99257541a2f5d6.0	._15a7f3c65025f34c0103e233f7440f50203a3a97aa85df8eca99257541a2f5d6.0	\\?\C:\Matin\matin-ctf\running\writeup\forensic\ALEAPP_Reports_2025-01-12_Sunday_211221\temp\__MACOSX\junior_for2\data\user\0\com.google.android.apps.messaging\cache\image_manager_disk_cache\._15a7f3c65025f34c0103e233f7440f50203a3a97aa85df8eca99257541a2f5d6.0
2025-01-07 09:39:20	"<a href="".\Image Manager Cache\image_manager_disk_cache\29ff4aaec97ff273fa4dc7860273406a9d786814333e5a582eb714e8dd4b9111.0"" target=""_blank""><img src="".\Image Manager Cache\image_manager_disk_cache\29ff4aaec97ff273fa4dc7860273406a9d786814333e5a582eb714e8dd4b9111.0""width=""300""></img></a>"	29ff4aaec97ff273fa4dc7860273406a9d786814333e5a582eb714e8dd4b9111.0	\\?\C:\Matin\matin-ctf\running\writeup\forensic\ALEAPP_Reports_2025-01-12_Sunday_211221\temp\junior_for2\data\user\0\com.google.android.apps.messaging\cache\image_manager_disk_cache\29ff4aaec97ff273fa4dc7860273406a9d786814333e5a582eb714e8dd4b9111.0
2025-01-07 09:39:20	._29ff4aaec97ff273fa4dc7860273406a9d786814333e5a582eb714e8dd4b9111.0	._29ff4aaec97ff273fa4dc7860273406a9d786814333e5a582eb714e8dd4b9111.0	\\?\C:\Matin\matin-ctf\running\writeup\forensic\ALEAPP_Reports_2025-01-12_Sunday_211221\temp\__MACOSX\junior_for2\data\user\0\com.google.android.apps.messaging\cache\image_manager_disk_cache\._29ff4aaec97ff273fa4dc7860273406a9d786814333e5a582eb714e8dd4b9111.0
2025-01-07 09:39:20	"<a href="".\Image Manager Cache\image_manager_disk_cache\1942f0da249edc40047e606a13404c71e9c7abdcc61c92a9b9f8e98470696c76.0"" target=""_blank""><img src="".\Image Manager Cache\image_manager_disk_cache\1942f0da249edc40047e606a13404c71e9c7abdcc61c92a9b9f8e98470696c76.0""width=""300""></img></a>"	1942f0da249edc40047e606a13404c71e9c7abdcc61c92a9b9f8e98470696c76.0	\\?\C:\Matin\matin-ctf\running\writeup\forensic\ALEAPP_Reports_2025-01-12_Sunday_211221\temp\junior_for2\data\user\0\com.google.android.apps.messaging\cache\image_manager_disk_cache\1942f0da249edc40047e606a13404c71e9c7abdcc61c92a9b9f8e98470696c76.0
2025-01-07 09:39:20	._1942f0da249edc40047e606a13404c71e9c7abdcc61c92a9b9f8e98470696c76.0	._1942f0da249edc40047e606a13404c71e9c7abdcc61c92a9b9f8e98470696c76.0	\\?\C:\Matin\matin-ctf\running\writeup\forensic\ALEAPP_Reports_2025-01-12_Sunday_211221\temp\__MACOSX\junior_for2\data\user\0\com.google.android.apps.messaging\cache\image_manager_disk_cache\._1942f0da249edc40047e606a13404c71e9c7abdcc61c92a9b9f8e98470696c76.0
2025-01-07 09:39:20	"<a href="".\Image Manager Cache\image_manager_disk_cache\f9bcf20bc9f7074b0798ce479b0cfaa56f264cbd821bd20d511acd904ed3f40c.0"" target=""_blank""><img src="".\Image Manager Cache\image_manager_disk_cache\f9bcf20bc9f7074b0798ce479b0cfaa56f264cbd821bd20d511acd904ed3f40c.0""width=""300""></img></a>"	f9bcf20bc9f7074b0798ce479b0cfaa56f264cbd821bd20d511acd904ed3f40c.0	\\?\C:\Matin\matin-ctf\running\writeup\forensic\ALEAPP_Reports_2025-01-12_Sunday_211221\temp\junior_for2\data\user\0\com.google.android.apps.messaging\cache\image_manager_disk_cache\f9bcf20bc9f7074b0798ce479b0cfaa56f264cbd821bd20d511acd904ed3f40c.0
2025-01-07 09:39:20	._f9bcf20bc9f7074b0798ce479b0cfaa56f264cbd821bd20d511acd904ed3f40c.0	._f9bcf20bc9f7074b0798ce479b0cfaa56f264cbd821bd20d511acd904ed3f40c.0	\\?\C:\Matin\matin-ctf\running\writeup\forensic\ALEAPP_Reports_2025-01-12_Sunday_211221\temp\__MACOSX\junior_for2\data\user\0\com.google.android.apps.messaging\cache\image_manager_disk_cache\._f9bcf20bc9f7074b0798ce479b0cfaa56f264cbd821bd20d511acd904ed3f40c.0
2025-01-07 09:39:20	"<a href="".\Image Manager Cache\image_manager_disk_cache\0c139595eeb26a78d2f032046958fa40d8920b441eee3c588ccd37583629de67.0"" target=""_blank""><img src="".\Image Manager Cache\image_manager_disk_cache\0c139595eeb26a78d2f032046958fa40d8920b441eee3c588ccd37583629de67.0""width=""300""></img></a>"	0c139595eeb26a78d2f032046958fa40d8920b441eee3c588ccd37583629de67.0	\\?\C:\Matin\matin-ctf\running\writeup\forensic\ALEAPP_Reports_2025-01-12_Sunday_211221\temp\junior_for2\data\user\0\com.google.android.apps.messaging\cache\image_manager_disk_cache\0c139595eeb26a78d2f032046958fa40d8920b441eee3c588ccd37583629de67.0
2025-01-07 09:39:20	._0c139595eeb26a78d2f032046958fa40d8920b441eee3c588ccd37583629de67.0	._0c139595eeb26a78d2f032046958fa40d8920b441eee3c588ccd37583629de67.0	\\?\C:\Matin\matin-ctf\running\writeup\forensic\ALEAPP_Reports_2025-01-12_Sunday_211221\temp\__MACOSX\junior_for2\data\user\0\com.google.android.apps.messaging\cache\image_manager_disk_cache\._0c139595eeb26a78d2f032046958fa40d8920b441eee3c588ccd37583629de67.0
2025-01-07 09:39:20	"<a href="".\Image Manager Cache\image_manager_disk_cache\7fb5cfcf00304c58af02814c1e7f94130f802e7fb18000ccf50369d6280396f5.0"" target=""_blank""><img src="".\Image Manager Cache\image_manager_disk_cache\7fb5cfcf00304c58af02814c1e7f94130f802e7fb18000ccf50369d6280396f5.0""width=""300""></img></a>"	7fb5cfcf00304c58af02814c1e7f94130f802e7fb18000ccf50369d6280396f5.0	\\?\C:\Matin\matin-ctf\running\writeup\forensic\ALEAPP_Reports_2025-01-12_Sunday_211221\temp\junior_for2\data\user\0\com.google.android.apps.messaging\cache\image_manager_disk_cache\7fb5cfcf00304c58af02814c1e7f94130f802e7fb18000ccf50369d6280396f5.0
2025-01-07 09:39:20	._7fb5cfcf00304c58af02814c1e7f94130f802e7fb18000ccf50369d6280396f5.0	._7fb5cfcf00304c58af02814c1e7f94130f802e7fb18000ccf50369d6280396f5.0	\\?\C:\Matin\matin-ctf\running\writeup\forensic\ALEAPP_Reports_2025-01-12_Sunday_211221\temp\__MACOSX\junior_for2\data\user\0\com.google.android.apps.messaging\cache\image_manager_disk_cache\._7fb5cfcf00304c58af02814c1e7f94130f802e7fb18000ccf50369d6280396f5.0
2025-01-07 09:39:20	"<a href="".\Image Manager Cache\image_manager_disk_cache\4a6d3f86bfbd92ca1ac48d456c6b51a70e442861332322b63a0f0230af7745e2.0"" target=""_blank""><img src="".\Image Manager Cache\image_manager_disk_cache\4a6d3f86bfbd92ca1ac48d456c6b51a70e442861332322b63a0f0230af7745e2.0""width=""300""></img></a>"	4a6d3f86bfbd92ca1ac48d456c6b51a70e442861332322b63a0f0230af7745e2.0	\\?\C:\Matin\matin-ctf\running\writeup\forensic\ALEAPP_Reports_2025-01-12_Sunday_211221\temp\junior_for2\data\user\0\com.google.android.apps.messaging\cache\image_manager_disk_cache\4a6d3f86bfbd92ca1ac48d456c6b51a70e442861332322b63a0f0230af7745e2.0
2025-01-07 09:39:20	._4a6d3f86bfbd92ca1ac48d456c6b51a70e442861332322b63a0f0230af7745e2.0	._4a6d3f86bfbd92ca1ac48d456c6b51a70e442861332322b63a0f0230af7745e2.0	\\?\C:\Matin\matin-ctf\running\writeup\forensic\ALEAPP_Reports_2025-01-12_Sunday_211221\temp\__MACOSX\junior_for2\data\user\0\com.google.android.apps.messaging\cache\image_manager_disk_cache\._4a6d3f86bfbd92ca1ac48d456c6b51a70e442861332322b63a0f0230af7745e2.0
2025-01-07 09:39:20	"<a href="".\Image Manager Cache\image_manager_disk_cache\33b2784d1947bb749e07350959c856be5e7bbf5532844cded85469042cfcfafd.0"" target=""_blank""><img src="".\Image Manager Cache\image_manager_disk_cache\33b2784d1947bb749e07350959c856be5e7bbf5532844cded85469042cfcfafd.0""width=""300""></img></a>"	33b2784d1947bb749e07350959c856be5e7bbf5532844cded85469042cfcfafd.0	\\?\C:\Matin\matin-ctf\running\writeup\forensic\ALEAPP_Reports_2025-01-12_Sunday_211221\temp\junior_for2\data\user\0\com.google.android.apps.messaging\cache\image_manager_disk_cache\33b2784d1947bb749e07350959c856be5e7bbf5532844cded85469042cfcfafd.0
2025-01-07 09:39:20	._33b2784d1947bb749e07350959c856be5e7bbf5532844cded85469042cfcfafd.0	._33b2784d1947bb749e07350959c856be5e7bbf5532844cded85469042cfcfafd.0	\\?\C:\Matin\matin-ctf\running\writeup\forensic\ALEAPP_Reports_2025-01-12_Sunday_211221\temp\__MACOSX\junior_for2\data\user\0\com.google.android.apps.messaging\cache\image_manager_disk_cache\._33b2784d1947bb749e07350959c856be5e7bbf5532844cded85469042cfcfafd.0
2025-01-07 09:39:20	"<a href="".\Image Manager Cache\image_manager_disk_cache\0b11cbfe0fc3457546ff473e4013e67d217f7da1ca42ae4e18707ea9e3f45eab.0"" target=""_blank""><img src="".\Image Manager Cache\image_manager_disk_cache\0b11cbfe0fc3457546ff473e4013e67d217f7da1ca42ae4e18707ea9e3f45eab.0""width=""300""></img></a>"	0b11cbfe0fc3457546ff473e4013e67d217f7da1ca42ae4e18707ea9e3f45eab.0	\\?\C:\Matin\matin-ctf\running\writeup\forensic\ALEAPP_Reports_2025-01-12_Sunday_211221\temp\junior_for2\data\user\0\com.google.android.apps.messaging\cache\image_manager_disk_cache\0b11cbfe0fc3457546ff473e4013e67d217f7da1ca42ae4e18707ea9e3f45eab.0
2025-01-07 09:39:20	._0b11cbfe0fc3457546ff473e4013e67d217f7da1ca42ae4e18707ea9e3f45eab.0	._0b11cbfe0fc3457546ff473e4013e67d217f7da1ca42ae4e18707ea9e3f45eab.0	\\?\C:\Matin\matin-ctf\running\writeup\forensic\ALEAPP_Reports_2025-01-12_Sunday_211221\temp\__MACOSX\junior_for2\data\user\0\com.google.android.apps.messaging\cache\image_manager_disk_cache\._0b11cbfe0fc3457546ff473e4013e67d217f7da1ca42ae4e18707ea9e3f45eab.0
2025-01-07 09:39:20	"<a href="".\Image Manager Cache\image_manager_disk_cache\1f18a28d72434b78efb247c28cb5e452b14ecd1a23355c7eef99a66e553915e6.0"" target=""_blank""><img src="".\Image Manager Cache\image_manager_disk_cache\1f18a28d72434b78efb247c28cb5e452b14ecd1a23355c7eef99a66e553915e6.0""width=""300""></img></a>"	1f18a28d72434b78efb247c28cb5e452b14ecd1a23355c7eef99a66e553915e6.0	\\?\C:\Matin\matin-ctf\running\writeup\forensic\ALEAPP_Reports_2025-01-12_Sunday_211221\temp\junior_for2\data\user\0\com.google.android.apps.messaging\cache\image_manager_disk_cache\1f18a28d72434b78efb247c28cb5e452b14ecd1a23355c7eef99a66e553915e6.0
2025-01-07 09:39:20	._1f18a28d72434b78efb247c28cb5e452b14ecd1a23355c7eef99a66e553915e6.0	._1f18a28d72434b78efb247c28cb5e452b14ecd1a23355c7eef99a66e553915e6.0	\\?\C:\Matin\matin-ctf\running\writeup\forensic\ALEAPP_Reports_2025-01-12_Sunday_211221\temp\__MACOSX\junior_for2\data\user\0\com.google.android.apps.messaging\cache\image_manager_disk_cache\._1f18a28d72434b78efb247c28cb5e452b14ecd1a23355c7eef99a66e553915e6.0
2025-01-07 09:39:20	"<a href="".\Image Manager Cache\image_manager_disk_cache\19a07fb728d3c3ec3b0f99193baa3b041f5290f2c4c3ee80e4b22da440079fd0.0"" target=""_blank""><img src="".\Image Manager Cache\image_manager_disk_cache\19a07fb728d3c3ec3b0f99193baa3b041f5290f2c4c3ee80e4b22da440079fd0.0""width=""300""></img></a>"	19a07fb728d3c3ec3b0f99193baa3b041f5290f2c4c3ee80e4b22da440079fd0.0	\\?\C:\Matin\matin-ctf\running\writeup\forensic\ALEAPP_Reports_2025-01-12_Sunday_211221\temp\junior_for2\data\user\0\com.google.android.apps.messaging\cache\image_manager_disk_cache\19a07fb728d3c3ec3b0f99193baa3b041f5290f2c4c3ee80e4b22da440079fd0.0
2025-01-07 09:39:20	._19a07fb728d3c3ec3b0f99193baa3b041f5290f2c4c3ee80e4b22da440079fd0.0	._19a07fb728d3c3ec3b0f99193baa3b041f5290f2c4c3ee80e4b22da440079fd0.0	\\?\C:\Matin\matin-ctf\running\writeup\forensic\ALEAPP_Reports_2025-01-12_Sunday_211221\temp\__MACOSX\junior_for2\data\user\0\com.google.android.apps.messaging\cache\image_manager_disk_cache\._19a07fb728d3c3ec3b0f99193baa3b041f5290f2c4c3ee80e4b22da440079fd0.0
2025-01-07 09:39:20	"<a href="".\Image Manager Cache\image_manager_disk_cache\481384a23332596a5fdfcd56fd9e3b46dd43e9fc861e40e89113a7e2133c7270.0"" target=""_blank""><img src="".\Image Manager Cache\image_manager_disk_cache\481384a23332596a5fdfcd56fd9e3b46dd43e9fc861e40e89113a7e2133c7270.0""width=""300""></img></a>"	481384a23332596a5fdfcd56fd9e3b46dd43e9fc861e40e89113a7e2133c7270.0	\\?\C:\Matin\matin-ctf\running\writeup\forensic\ALEAPP_Reports_2025-01-12_Sunday_211221\temp\junior_for2\data\user\0\com.google.android.apps.messaging\cache\image_manager_disk_cache\481384a23332596a5fdfcd56fd9e3b46dd43e9fc861e40e89113a7e2133c7270.0
2025-01-07 09:39:20	._481384a23332596a5fdfcd56fd9e3b46dd43e9fc861e40e89113a7e2133c7270.0	._481384a23332596a5fdfcd56fd9e3b46dd43e9fc861e40e89113a7e2133c7270.0	\\?\C:\Matin\matin-ctf\running\writeup\forensic\ALEAPP_Reports_2025-01-12_Sunday_211221\temp\__MACOSX\junior_for2\data\user\0\com.google.android.apps.messaging\cache\image_manager_disk_cache\._481384a23332596a5fdfcd56fd9e3b46dd43e9fc861e40e89113a7e2133c7270.0
2025-01-07 09:39:20	"<a href="".\Image Manager Cache\image_manager_disk_cache\5d1758fd120f8f5eeec165617c55074f38c29a0ecef4ded82202c735efafdfb7.0"" target=""_blank""><img src="".\Image Manager Cache\image_manager_disk_cache\5d1758fd120f8f5eeec165617c55074f38c29a0ecef4ded82202c735efafdfb7.0""width=""300""></img></a>"	5d1758fd120f8f5eeec165617c55074f38c29a0ecef4ded82202c735efafdfb7.0	\\?\C:\Matin\matin-ctf\running\writeup\forensic\ALEAPP_Reports_2025-01-12_Sunday_211221\temp\junior_for2\data\user\0\com.google.android.apps.messaging\cache\image_manager_disk_cache\5d1758fd120f8f5eeec165617c55074f38c29a0ecef4ded82202c735efafdfb7.0
2025-01-07 09:39:20	._5d1758fd120f8f5eeec165617c55074f38c29a0ecef4ded82202c735efafdfb7.0	._5d1758fd120f8f5eeec165617c55074f38c29a0ecef4ded82202c735efafdfb7.0	\\?\C:\Matin\matin-ctf\running\writeup\forensic\ALEAPP_Reports_2025-01-12_Sunday_211221\temp\__MACOSX\junior_for2\data\user\0\com.google.android.apps.messaging\cache\image_manager_disk_cache\._5d1758fd120f8f5eeec165617c55074f38c29a0ecef4ded82202c735efafdfb7.0
2025-01-07 09:39:12	._journal	._journal	\\?\C:\Matin\matin-ctf\running\writeup\forensic\ALEAPP_Reports_2025-01-12_Sunday_211221\temp\__MACOSX\junior_for2\data\user\0\com.andromo.dev583642.app725633\cache\image_manager_disk_cache\._journal
2025-01-07 09:39:12	"<a href="".\Image Manager Cache\image_manager_disk_cache\ea5c157cd0885cb8ea30deba418cb964c1416db0fe3be98850fcdaafcfae0f39.0"" target=""_blank""><img src="".\Image Manager Cache\image_manager_disk_cache\ea5c157cd0885cb8ea30deba418cb964c1416db0fe3be98850fcdaafcfae0f39.0""width=""300""></img></a>"	ea5c157cd0885cb8ea30deba418cb964c1416db0fe3be98850fcdaafcfae0f39.0	\\?\C:\Matin\matin-ctf\running\writeup\forensic\ALEAPP_Reports_2025-01-12_Sunday_211221\temp\junior_for2\data\user\0\com.andromo.dev583642.app725633\cache\image_manager_disk_cache\ea5c157cd0885cb8ea30deba418cb964c1416db0fe3be98850fcdaafcfae0f39.0
2025-01-07 09:39:12	._ea5c157cd0885cb8ea30deba418cb964c1416db0fe3be98850fcdaafcfae0f39.0	._ea5c157cd0885cb8ea30deba418cb964c1416db0fe3be98850fcdaafcfae0f39.0	\\?\C:\Matin\matin-ctf\running\writeup\forensic\ALEAPP_Reports_2025-01-12_Sunday_211221\temp\__MACOSX\junior_for2\data\user\0\com.andromo.dev583642.app725633\cache\image_manager_disk_cache\._ea5c157cd0885cb8ea30deba418cb964c1416db0fe3be98850fcdaafcfae0f39.0
2025-01-07 09:39:12	"<a href="".\Image Manager Cache\image_manager_disk_cache\9b96d586c49682ffb11532b36ed3b3c298f4cd2b0f80962a77af8db810db96ab.0"" target=""_blank""><img src="".\Image Manager Cache\image_manager_disk_cache\9b96d586c49682ffb11532b36ed3b3c298f4cd2b0f80962a77af8db810db96ab.0""width=""300""></img></a>"	9b96d586c49682ffb11532b36ed3b3c298f4cd2b0f80962a77af8db810db96ab.0	\\?\C:\Matin\matin-ctf\running\writeup\forensic\ALEAPP_Reports_2025-01-12_Sunday_211221\temp\junior_for2\data\user\0\com.andromo.dev583642.app725633\cache\image_manager_disk_cache\9b96d586c49682ffb11532b36ed3b3c298f4cd2b0f80962a77af8db810db96ab.0
2025-01-07 09:39:12	._9b96d586c49682ffb11532b36ed3b3c298f4cd2b0f80962a77af8db810db96ab.0	._9b96d586c49682ffb11532b36ed3b3c298f4cd2b0f80962a77af8db810db96ab.0	\\?\C:\Matin\matin-ctf\running\writeup\forensic\ALEAPP_Reports_2025-01-12_Sunday_211221\temp\__MACOSX\junior_for2\data\user\0\com.andromo.dev583642.app725633\cache\image_manager_disk_cache\._9b96d586c49682ffb11532b36ed3b3c298f4cd2b0f80962a77af8db810db96ab.0
2025-01-07 09:39:12	"<a href="".\Image Manager Cache\image_manager_disk_cache\ee55e2e3b4ccc5ca6fd99d1ca560b78de8cacf8d238e523ea287c55bd66e37d9.0"" target=""_blank""><img src="".\Image Manager Cache\image_manager_disk_cache\ee55e2e3b4ccc5ca6fd99d1ca560b78de8cacf8d238e523ea287c55bd66e37d9.0""width=""300""></img></a>"	ee55e2e3b4ccc5ca6fd99d1ca560b78de8cacf8d238e523ea287c55bd66e37d9.0	\\?\C:\Matin\matin-ctf\running\writeup\forensic\ALEAPP_Reports_2025-01-12_Sunday_211221\temp\junior_for2\data\user\0\com.andromo.dev583642.app725633\cache\image_manager_disk_cache\ee55e2e3b4ccc5ca6fd99d1ca560b78de8cacf8d238e523ea287c55bd66e37d9.0
2025-01-07 09:39:12	._ee55e2e3b4ccc5ca6fd99d1ca560b78de8cacf8d238e523ea287c55bd66e37d9.0	._ee55e2e3b4ccc5ca6fd99d1ca560b78de8cacf8d238e523ea287c55bd66e37d9.0	\\?\C:\Matin\matin-ctf\running\writeup\forensic\ALEAPP_Reports_2025-01-12_Sunday_211221\temp\__MACOSX\junior_for2\data\user\0\com.andromo.dev583642.app725633\cache\image_manager_disk_cache\._ee55e2e3b4ccc5ca6fd99d1ca560b78de8cacf8d238e523ea287c55bd66e37d9.0
2025-01-07 09:39:12	"<a href="".\Image Manager Cache\image_manager_disk_cache\10cc2b392621a6131083e2306436779b560fa3136633a157ac692db679638f29.0"" target=""_blank""><img src="".\Image Manager Cache\image_manager_disk_cache\10cc2b392621a6131083e2306436779b560fa3136633a157ac692db679638f29.0""width=""300""></img></a>"	10cc2b392621a6131083e2306436779b560fa3136633a157ac692db679638f29.0	\\?\C:\Matin\matin-ctf\running\writeup\forensic\ALEAPP_Reports_2025-01-12_Sunday_211221\temp\junior_for2\data\user\0\com.andromo.dev583642.app725633\cache\image_manager_disk_cache\10cc2b392621a6131083e2306436779b560fa3136633a157ac692db679638f29.0
2025-01-07 09:39:12	._10cc2b392621a6131083e2306436779b560fa3136633a157ac692db679638f29.0	._10cc2b392621a6131083e2306436779b560fa3136633a157ac692db679638f29.0	\\?\C:\Matin\matin-ctf\running\writeup\forensic\ALEAPP_Reports_2025-01-12_Sunday_211221\temp\__MACOSX\junior_for2\data\user\0\com.andromo.dev583642.app725633\cache\image_manager_disk_cache\._10cc2b392621a6131083e2306436779b560fa3136633a157ac692db679638f29.0
2025-01-07 09:39:12	"<a href="".\Image Manager Cache\image_manager_disk_cache\2e8cfb17f776d375c08a6e78af791e7cf256bc964ba84ff45cf84b3165da8c78.0"" target=""_blank""><img src="".\Image Manager Cache\image_manager_disk_cache\2e8cfb17f776d375c08a6e78af791e7cf256bc964ba84ff45cf84b3165da8c78.0""width=""300""></img></a>"	2e8cfb17f776d375c08a6e78af791e7cf256bc964ba84ff45cf84b3165da8c78.0	\\?\C:\Matin\matin-ctf\running\writeup\forensic\ALEAPP_Reports_2025-01-12_Sunday_211221\temp\junior_for2\data\user\0\com.andromo.dev583642.app725633\cache\image_manager_disk_cache\2e8cfb17f776d375c08a6e78af791e7cf256bc964ba84ff45cf84b3165da8c78.0
2025-01-07 09:39:12	._2e8cfb17f776d375c08a6e78af791e7cf256bc964ba84ff45cf84b3165da8c78.0	._2e8cfb17f776d375c08a6e78af791e7cf256bc964ba84ff45cf84b3165da8c78.0	\\?\C:\Matin\matin-ctf\running\writeup\forensic\ALEAPP_Reports_2025-01-12_Sunday_211221\temp\__MACOSX\junior_for2\data\user\0\com.andromo.dev583642.app725633\cache\image_manager_disk_cache\._2e8cfb17f776d375c08a6e78af791e7cf256bc964ba84ff45cf84b3165da8c78.0
2025-01-07 09:39:12	"<a href="".\Image Manager Cache\image_manager_disk_cache\a6ea9b747f0b23a2dd5ea8d2162e8ce030445e3686e73f34307e275cbdd27193.0"" target=""_blank""><img src="".\Image Manager Cache\image_manager_disk_cache\a6ea9b747f0b23a2dd5ea8d2162e8ce030445e3686e73f34307e275cbdd27193.0""width=""300""></img></a>"	a6ea9b747f0b23a2dd5ea8d2162e8ce030445e3686e73f34307e275cbdd27193.0	\\?\C:\Matin\matin-ctf\running\writeup\forensic\ALEAPP_Reports_2025-01-12_Sunday_211221\temp\junior_for2\data\user\0\com.andromo.dev583642.app725633\cache\image_manager_disk_cache\a6ea9b747f0b23a2dd5ea8d2162e8ce030445e3686e73f34307e275cbdd27193.0
2025-01-07 09:39:12	._a6ea9b747f0b23a2dd5ea8d2162e8ce030445e3686e73f34307e275cbdd27193.0	._a6ea9b747f0b23a2dd5ea8d2162e8ce030445e3686e73f34307e275cbdd27193.0	\\?\C:\Matin\matin-ctf\running\writeup\forensic\ALEAPP_Reports_2025-01-12_Sunday_211221\temp\__MACOSX\junior_for2\data\user\0\com.andromo.dev583642.app725633\cache\image_manager_disk_cache\._a6ea9b747f0b23a2dd5ea8d2162e8ce030445e3686e73f34307e275cbdd27193.0
2025-01-07 09:39:12	"<a href="".\Image Manager Cache\image_manager_disk_cache\e2bb25f48a17e14959e470bf5a2eeae261fccba159ce6dfef53f7ea74ec649ba.0"" target=""_blank""><img src="".\Image Manager Cache\image_manager_disk_cache\e2bb25f48a17e14959e470bf5a2eeae261fccba159ce6dfef53f7ea74ec649ba.0""width=""300""></img></a>"	e2bb25f48a17e14959e470bf5a2eeae261fccba159ce6dfef53f7ea74ec649ba.0	\\?\C:\Matin\matin-ctf\running\writeup\forensic\ALEAPP_Reports_2025-01-12_Sunday_211221\temp\junior_for2\data\user\0\com.andromo.dev583642.app725633\cache\image_manager_disk_cache\e2bb25f48a17e14959e470bf5a2eeae261fccba159ce6dfef53f7ea74ec649ba.0
2025-01-07 09:39:12	._e2bb25f48a17e14959e470bf5a2eeae261fccba159ce6dfef53f7ea74ec649ba.0	._e2bb25f48a17e14959e470bf5a2eeae261fccba159ce6dfef53f7ea74ec649ba.0	\\?\C:\Matin\matin-ctf\running\writeup\forensic\ALEAPP_Reports_2025-01-12_Sunday_211221\temp\__MACOSX\junior_for2\data\user\0\com.andromo.dev583642.app725633\cache\image_manager_disk_cache\._e2bb25f48a17e14959e470bf5a2eeae261fccba159ce6dfef53f7ea74ec649ba.0
2025-01-07 09:39:12	"<a href="".\Image Manager Cache\image_manager_disk_cache\01940a00d21f261e74b8f70d9e893562e1d2b31f5a4632e83794b4dfae008cca.0"" target=""_blank""><img src="".\Image Manager Cache\image_manager_disk_cache\01940a00d21f261e74b8f70d9e893562e1d2b31f5a4632e83794b4dfae008cca.0""width=""300""></img></a>"	01940a00d21f261e74b8f70d9e893562e1d2b31f5a4632e83794b4dfae008cca.0	\\?\C:\Matin\matin-ctf\running\writeup\forensic\ALEAPP_Reports_2025-01-12_Sunday_211221\temp\junior_for2\data\user\0\com.andromo.dev583642.app725633\cache\image_manager_disk_cache\01940a00d21f261e74b8f70d9e893562e1d2b31f5a4632e83794b4dfae008cca.0
2025-01-07 09:39:12	._01940a00d21f261e74b8f70d9e893562e1d2b31f5a4632e83794b4dfae008cca.0	._01940a00d21f261e74b8f70d9e893562e1d2b31f5a4632e83794b4dfae008cca.0	\\?\C:\Matin\matin-ctf\running\writeup\forensic\ALEAPP_Reports_2025-01-12_Sunday_211221\temp\__MACOSX\junior_for2\data\user\0\com.andromo.dev583642.app725633\cache\image_manager_disk_cache\._01940a00d21f261e74b8f70d9e893562e1d2b31f5a4632e83794b4dfae008cca.0
2025-01-07 09:39:12	"<a href="".\Image Manager Cache\image_manager_disk_cache\e0065e18f013d4ecca29914da48009237184a2d0aff94bf41afbdce51ca5ed39.0"" target=""_blank""><img src="".\Image Manager Cache\image_manager_disk_cache\e0065e18f013d4ecca29914da48009237184a2d0aff94bf41afbdce51ca5ed39.0""width=""300""></img></a>"	e0065e18f013d4ecca29914da48009237184a2d0aff94bf41afbdce51ca5ed39.0	\\?\C:\Matin\matin-ctf\running\writeup\forensic\ALEAPP_Reports_2025-01-12_Sunday_211221\temp\junior_for2\data\user\0\com.andromo.dev583642.app725633\cache\image_manager_disk_cache\e0065e18f013d4ecca29914da48009237184a2d0aff94bf41afbdce51ca5ed39.0
2025-01-07 09:39:12	._e0065e18f013d4ecca29914da48009237184a2d0aff94bf41afbdce51ca5ed39.0	._e0065e18f013d4ecca29914da48009237184a2d0aff94bf41afbdce51ca5ed39.0	\\?\C:\Matin\matin-ctf\running\writeup\forensic\ALEAPP_Reports_2025-01-12_Sunday_211221\temp\__MACOSX\junior_for2\data\user\0\com.andromo.dev583642.app725633\cache\image_manager_disk_cache\._e0065e18f013d4ecca29914da48009237184a2d0aff94bf41afbdce51ca5ed39.0
2025-01-07 09:39:12	"<a href="".\Image Manager Cache\image_manager_disk_cache\49096aae566fbaf59214c1a201c86ab47d8c93e8e7b859935500f27a51cb2164.0"" target=""_blank""><img src="".\Image Manager Cache\image_manager_disk_cache\49096aae566fbaf59214c1a201c86ab47d8c93e8e7b859935500f27a51cb2164.0""width=""300""></img></a>"	49096aae566fbaf59214c1a201c86ab47d8c93e8e7b859935500f27a51cb2164.0	\\?\C:\Matin\matin-ctf\running\writeup\forensic\ALEAPP_Reports_2025-01-12_Sunday_211221\temp\junior_for2\data\user\0\com.andromo.dev583642.app725633\cache\image_manager_disk_cache\49096aae566fbaf59214c1a201c86ab47d8c93e8e7b859935500f27a51cb2164.0
2025-01-07 09:39:12	._49096aae566fbaf59214c1a201c86ab47d8c93e8e7b859935500f27a51cb2164.0	._49096aae566fbaf59214c1a201c86ab47d8c93e8e7b859935500f27a51cb2164.0	\\?\C:\Matin\matin-ctf\running\writeup\forensic\ALEAPP_Reports_2025-01-12_Sunday_211221\temp\__MACOSX\junior_for2\data\user\0\com.andromo.dev583642.app725633\cache\image_manager_disk_cache\._49096aae566fbaf59214c1a201c86ab47d8c93e8e7b859935500f27a51cb2164.0
2025-01-07 09:39:12	"<a href="".\Image Manager Cache\image_manager_disk_cache\7ae33479a5f541922e3e6615d4b91fc28302530c1e81eaa6aa15b0118a5776cd.0"" target=""_blank""><img src="".\Image Manager Cache\image_manager_disk_cache\7ae33479a5f541922e3e6615d4b91fc28302530c1e81eaa6aa15b0118a5776cd.0""width=""300""></img></a>"	7ae33479a5f541922e3e6615d4b91fc28302530c1e81eaa6aa15b0118a5776cd.0	\\?\C:\Matin\matin-ctf\running\writeup\forensic\ALEAPP_Reports_2025-01-12_Sunday_211221\temp\junior_for2\data\user\0\com.andromo.dev583642.app725633\cache\image_manager_disk_cache\7ae33479a5f541922e3e6615d4b91fc28302530c1e81eaa6aa15b0118a5776cd.0
2025-01-07 09:39:12	._7ae33479a5f541922e3e6615d4b91fc28302530c1e81eaa6aa15b0118a5776cd.0	._7ae33479a5f541922e3e6615d4b91fc28302530c1e81eaa6aa15b0118a5776cd.0	\\?\C:\Matin\matin-ctf\running\writeup\forensic\ALEAPP_Reports_2025-01-12_Sunday_211221\temp\__MACOSX\junior_for2\data\user\0\com.andromo.dev583642.app725633\cache\image_manager_disk_cache\._7ae33479a5f541922e3e6615d4b91fc28302530c1e81eaa6aa15b0118a5776cd.0
